"""wallet""";"""wallet"""
"""gentil-beccot""";"""gentil-beccot"""
"""mahdi""";"""mahdi"""
"""ouy""";"""ouy"""
"""dahan""";"""dahan"""
"""thouard""";"""thouard"""
"""dhima""";"""dhima"""
"""namani""";"""namani"""
"""richard""";"""richard"""
"""rabadan""";"""rabadan"""
"""tran van loc""";"""tran van loc"""
"""adeline""";"""adeline"""
"""pambrun""";"""pambrun"""
"""galante""";"""galante"""
"""besagni""";"""besagni"""
"""nguyen thanh nhan""";"""nguyen thanh nhan"""
"""descamps""";"""descamps"""
"""srour""";"""srour"""
"""austruy""";"""austruy"""
"""dulong""";"""dulong"""
"""albert""";"""albert"""
"""badin""";"""badin"""
"""chevallier""";"""chevallier"""
"""de belenet""";"""de belenet"""
"""mathe""";"""mathe"""
"""moulin""";"""moulin"""
"""lecuyer""";"""lecuyer"""
"""oumari""";"""oumari"""
"""sall""";"""sall"""
"""mainguy""";"""mainguy"""
"""crevoisier""";"""crevoisier"""
"""besnard""";"""besnard"""
"""boujnah""";"""boujnah"""
"""niang""";"""niang"""
"""richard""";"""richard"""
"""barret""";"""barret"""
"""renaudin""";"""renaudin"""
"""lenormand""";"""lenormand"""
"""bour""";"""bour"""
"""mernissi""";"""mernissi"""
"""parisot""";"""parisot"""
"""peilloux""";"""peilloux"""
"""chervet""";"""chervet"""
"""guy-coichard""";"""guy-coichard"""
"""kamoun""";"""kamoun"""
"""vanbaelen""";"""vanbaelen"""
"""tang""";"""tang"""
"""caron""";"""caron"""
"""rembert""";"""rembert"""
"""boutoille""";"""boutoille"""
"""molla""";"""molla"""
"""thierry""";"""thierry"""
"""vidal jean""";"""vidal jean"""
"""bredin""";"""bredin"""
"""habbida""";"""habbida"""
"""boulahya""";"""boulahya"""
"""morizot""";"""morizot"""
"""tournois""";"""tournois"""
"""radier""";"""radier"""
"""muhirwa""";"""muhirwa"""
"""lefranc""";"""lefranc"""
"""ayme""";"""ayme"""
"""de clerck""";"""de clerck"""
"""matthey""";"""matthey"""
"""chappe""";"""chappe"""
"""thepaut""";"""thepaut"""
"""ben abdellah""";"""ben abdellah"""
"""pain""";"""pain"""
"""de guisti""";"""de guisti"""
"""fazaa""";"""fazaa"""
"""husser""";"""husser"""
"""benjelloun""";"""benjelloun"""
"""talhaoui""";"""talhaoui"""
"""grondin""";"""grondin"""
"""al hyar""";"""al hyar"""
"""bourget""";"""bourget"""
"""floury""";"""floury"""
"""lachaud""";"""lachaud"""
"""le roux""";"""le roux"""
"""ngang""";"""ngang"""
"""paroissin""";"""paroissin"""
"""picardat""";"""picardat"""
"""ternisien""";"""ternisien"""
"""dazet""";"""dazet"""
"""yakine""";"""yakine"""
"""benard dupas""";"""benard dupas"""
"""alaoui soulimani""";"""alaoui soulimani"""
"""bock""";"""bock"""
"""jullien""";"""jullien"""
"""rieublanc""";"""rieublanc"""
"""nivette""";"""nivette"""
"""tomasini""";"""tomasini"""
"""el hamed""";"""el hamed"""
"""pelletier""";"""pelletier"""
"""sabarly""";"""sabarly"""
"""chan""";"""chan"""
"""doussaud""";"""doussaud"""
"""blaizot""";"""blaizot"""
"""ivanova""";"""ivanova"""
"""abril""";"""abril"""
"""harnouch""";"""harnouch"""
"""el mhamdi""";"""el mhamdi"""
"""cruls""";"""cruls"""
"""groussard""";"""groussard"""
"""hernandez""";"""hernandez"""
"""jabbour""";"""jabbour"""
"""oualli""";"""oualli"""
"""secanove""";"""secanove"""
"""gerardin""";"""gerardin"""
"""bureau""";"""bureau"""
"""diagne""";"""diagne"""
"""duez""";"""duez"""
"""paviet""";"""paviet"""
"""mayolle""";"""mayolle"""
"""zveguintzoff""";"""zveguintzoff"""
"""adhemar""";"""adhemar"""
"""bartmann""";"""bartmann"""
"""deveaux""";"""deveaux"""
"""ropital""";"""ropital"""
"""nawrocki""";"""nawrocki"""
"""el khourouj""";"""el khourouj"""
"""decante""";"""decante"""
"""ben othman""";"""ben othman"""
"""sedkane mohammed""";"""sedkane mohammed"""
"""faglin""";"""faglin"""
"""ayad""";"""ayad"""
"""boukadi""";"""boukadi"""
"""darwish""";"""darwish"""
"""delattre""";"""delattre"""
"""de vulpillieres""";"""de vulpillieres"""
"""duflot""";"""duflot"""
"""gasnier""";"""gasnier"""
"""jaakik""";"""jaakik"""
"""massenavette""";"""massenavette"""
"""parisot""";"""parisot"""
"""peru""";"""peru"""
"""vero""";"""vero"""
"""kazdaghli""";"""kazdaghli"""
"""ngo""";"""ngo"""
"""gallotti""";"""gallotti"""
"""nicolle""";"""nicolle"""
"""beyls""";"""beyls"""
"""ben ismail""";"""ben ismail"""
"""sireta""";"""sireta"""
"""frydman""";"""frydman"""
"""menteyne""";"""menteyne"""
"""greffier""";"""greffier"""
"""elsharkawi""";"""elsharkawi"""
"""boens""";"""boens"""
"""fordeveaux""";"""fordeveaux"""
"""benabdellah""";"""benabdellah"""
"""bakhti""";"""bakhti"""
"""curoy""";"""curoy"""
"""jegouic""";"""jegouic"""
"""massoudi""";"""massoudi"""
"""cherif mohamed""";"""cherif mohamed"""
"""guillermin""";"""guillermin"""
"""lemaitre""";"""lemaitre"""
"""brisville""";"""brisville"""
"""abitbol""";"""abitbol"""
"""menart""";"""menart"""
"""foresto""";"""foresto"""
"""pruvot""";"""pruvot"""
"""chou""";"""chou"""
"""leflond""";"""leflond"""
"""thierre""";"""thierre"""
"""delecolle""";"""delecolle"""
"""bououli""";"""bououli"""
"""menudier""";"""menudier"""
"""lecossois""";"""lecossois"""
"""leneutre""";"""leneutre"""
"""de williencourt""";"""de williencourt"""
"""ben chaabane""";"""ben chaabane"""
"""soupin""";"""soupin"""
"""bourenane""";"""bourenane"""
"""marechal""";"""marechal"""
"""benkirane""";"""benkirane"""
"""khatiri""";"""khatiri"""
"""ben khalifa""";"""ben khalifa"""
"""deschateaux""";"""deschateaux"""
"""squalli houssaini""";"""squalli houssaini"""
"""zollet""";"""zollet"""
"""rembert""";"""rembert"""
"""bar""";"""bar"""
"""pragosa""";"""pragosa"""
"""majid""";"""majid"""
"""fall""";"""fall"""
"""gagliardi""";"""gagliardi"""
"""bouali""";"""bouali"""
"""costa""";"""costa"""
"""hassad""";"""hassad"""
"""mendili""";"""mendili"""
"""abdala""";"""abdala"""
"""chan""";"""chan"""
"""klitting""";"""klitting"""
"""gour""";"""gour"""
"""boucon""";"""boucon"""
"""durand""";"""durand"""
"""ben cheikh brahim""";"""ben cheikh brahim"""
"""barsov""";"""barsov"""
"""milhau""";"""milhau"""
"""iguider""";"""iguider"""
"""monhonvalle""";"""monhonvalle"""
"""sultan""";"""sultan"""
"""godebarge""";"""godebarge"""
"""oudin""";"""oudin"""
"""trachen""";"""trachen"""
"""djomouhe""";"""djomouhe"""
"""leman""";"""leman"""
"""vo van""";"""vo van"""
"""mazouz""";"""mazouz"""
"""besson""";"""besson"""
"""colombet""";"""colombet"""
"""movaghar""";"""movaghar"""
"""hadj abdelkader""";"""hadj abdelkader"""
"""benomar""";"""benomar"""
"""el fahem""";"""el fahem"""
"""pezier""";"""pezier"""
"""pringault""";"""pringault"""
"""monchalin""";"""monchalin"""
"""fabien""";"""fabien"""
"""olivier""";"""olivier"""
"""mahmoud""";"""mahmoud"""
"""fabien""";"""fabien"""
"""cyrille""";"""cyrille"""
"""mathieu""";"""mathieu"""
"""agi""";"""agi"""
"""samir""";"""samir"""
"""guillaume""";"""guillaume"""
"""joris""";"""joris"""
"""cedric""";"""cedric"""
"""clement""";"""clement"""
"""audrey""";"""audrey"""
"""ezio""";"""ezio"""
"""jessica""";"""jessica"""
"""elodie""";"""elodie"""
"""kevin""";"""kevin"""
"""ali""";"""ali"""
"""fabrice""";"""fabrice"""
"""aymeric""";"""aymeric"""
"""alexis""";"""alexis"""
"""jean""";"""jean"""
"""sebastien""";"""sebastien"""
"""alban""";"""alban"""
"""florent""";"""florent"""
"""maximilien""";"""maximilien"""
"""felix""";"""felix"""
"""zyad""";"""zyad"""
"""fatimata""";"""fatimata"""
"""marie""";"""marie"""
"""jerome""";"""jerome"""
"""olivier""";"""olivier"""
"""youssef""";"""youssef"""
"""fatimata""";"""fatimata"""
"""mickael""";"""mickael"""
"""matthieu""";"""matthieu"""
"""david""";"""david"""
"""franck""";"""franck"""
"""pascal""";"""pascal"""
"""khalid""";"""khalid"""
"""simon""";"""simon"""
"""frederic""";"""frederic"""
"""benjamin""";"""benjamin"""
"""flora""";"""flora"""
"""tarek""";"""tarek"""
"""jerome""";"""jerome"""
"""erwan""";"""erwan"""
"""ronan""";"""ronan"""
"""yves""";"""yves"""
"""raphael""";"""raphael"""
"""jeremy""";"""jeremy"""
"""nicolas""";"""nicolas"""
"""louis""";"""louis"""
"""teva""";"""teva"""
"""nawel""";"""nawel"""
"""abdelrahim""";"""abdelrahim"""
"""clement""";"""clement"""
"""sebastien""";"""sebastien"""
"""simon""";"""simon"""
"""emmanuel""";"""emmanuel"""
"""clement""";"""clement"""
"""cedric""";"""cedric"""
"""joseph""";"""joseph"""
"""clement""";"""clement"""
"""arthur""";"""arthur"""
"""guillaume""";"""guillaume"""
"""mehdi""";"""mehdi"""
"""tennessee""";"""tennessee"""
"""julien""";"""julien"""
"""leila""";"""leila"""
"""nicolas""";"""nicolas"""
"""ali""";"""ali"""
"""hassan""";"""hassan"""
"""lionel""";"""lionel"""
"""soufiane""";"""soufiane"""
"""henri""";"""henri"""
"""camille""";"""camille"""
"""xavier""";"""xavier"""
"""julien""";"""julien"""
"""willy""";"""willy"""
"""benoit""";"""benoit"""
"""damien""";"""damien"""
"""florian""";"""florian"""
"""bruno""";"""bruno"""
"""riyad""";"""riyad"""
"""thomas""";"""thomas"""
"""meryem""";"""meryem"""
"""mathilde""";"""mathilde"""
"""jean-baptiste""";"""jean-baptiste"""
"""tony""";"""tony"""
"""alexandre""";"""alexandre"""
"""jonathan""";"""jonathan"""
"""yeslem""";"""yeslem"""
"""pierre""";"""pierre"""
"""mathieu""";"""mathieu"""
"""justin""";"""justin"""
"""adrien""";"""adrien"""
"""thibaut""";"""thibaut"""
"""maria""";"""maria"""
"""guillaume""";"""guillaume"""
"""yassine""";"""yassine"""
"""zakaria""";"""zakaria"""
"""sebastien""";"""sebastien"""
"""arnaud""";"""arnaud"""
"""clemence""";"""clemence"""
"""sara""";"""sara"""
"""nassim""";"""nassim"""
"""alexandre""";"""alexandre"""
"""jonathan""";"""jonathan"""
"""cedric""";"""cedric"""
"""maimouna""";"""maimouna"""
"""guillaume""";"""guillaume"""
"""nicolas""";"""nicolas"""
"""hugues""";"""hugues"""
"""adrien""";"""adrien"""
"""mehdi""";"""mehdi"""
"""cordelia""";"""cordelia"""
"""aurelien""";"""aurelien"""
"""guillaume""";"""guillaume"""
"""vincent""";"""vincent"""
"""rayhane""";"""rayhane"""
"""emma""";"""emma"""
"""chemsi""";"""chemsi"""
"""seddik""";"""seddik"""
"""jean-francois""";"""jean-francois"""
"""nada""";"""nada"""
"""ali""";"""ali"""
"""ramy""";"""ramy"""
"""alexis""";"""alexis"""
"""claire""";"""claire"""
"""louis""";"""louis"""
"""lise""";"""lise"""
"""marwane""";"""marwane"""
"""simon""";"""simon"""
"""pauline""";"""pauline"""
"""benjamin""";"""benjamin"""
"""laure-anne""";"""laure-anne"""
"""rim""";"""rim"""
"""dzuy""";"""dzuy"""
"""dominique""";"""dominique"""
"""agathe""";"""agathe"""
"""guillaume""";"""guillaume"""
"""sadok""";"""sadok"""
"""alexis""";"""alexis"""
"""manon""";"""manon"""
"""berenice""";"""berenice"""
"""maxime""";"""maxime"""
"""samir""";"""samir"""
"""charlotte""";"""charlotte"""
"""thibault""";"""thibault"""
"""sofien""";"""sofien"""
"""asma""";"""asma"""
"""charlotte""";"""charlotte"""
"""kevin""";"""kevin"""
"""ali""";"""ali"""
"""riadh""";"""riadh"""
"""marie""";"""marie"""
"""adrien""";"""adrien"""
"""thomas""";"""thomas"""
"""elie""";"""elie"""
"""gauthier""";"""gauthier"""
"""giulio""";"""giulio"""
"""amaury""";"""amaury"""
"""sarah""";"""sarah"""
"""thibault""";"""thibault"""
"""kevin""";"""kevin"""
"""florian""";"""florian"""
"""samir""";"""samir"""
"""geoffray""";"""geoffray"""
"""maxime""";"""maxime"""
"""yoann""";"""yoann"""
"""emmanuel""";"""emmanuel"""
"""mehdi""";"""mehdi"""
"""maxime""";"""maxime"""
"""elies""";"""elies"""
"""erwan""";"""erwan"""
"""mohammed""";"""mohammed"""
"""moutia""";"""moutia"""
"""sabrine""";"""sabrine"""
"""alexandre""";"""alexandre"""
"""mohamed""";"""mohamed"""
"""kevin""";"""kevin"""
"""gabrielle""";"""gabrielle"""
"""maxime""";"""maxime"""
"""andre""";"""andre"""
"""elmahdi""";"""elmahdi"""
"""anna""";"""anna"""
"""romain""";"""romain"""
"""meriem""";"""meriem"""
"""alexis""";"""alexis"""
"""aimene""";"""aimene"""
"""fadoua""";"""fadoua"""
"""olga""";"""olga"""
"""frederic""";"""frederic"""
"""matthieu""";"""matthieu"""
"""jean-baptise""";"""jean-baptise"""
"""matthieu""";"""matthieu"""
"""camille""";"""camille"""
"""amine""";"""amine"""
"""olga""";"""olga"""
"""benjamin""";"""benjamin"""
"""sofiane""";"""sofiane"""
"""olivier""";"""olivier"""
"""chimon""";"""chimon"""
"""ferreol""";"""ferreol"""
"""antoine""";"""antoine"""
"""hind""";"""hind"""
"""patrick""";"""patrick"""
"""joachim""";"""joachim"""
"""julie""";"""julie"""
"""omar""";"""omar"""
"""camille""";"""camille"""
"""aurelien""";"""aurelien"""
"""sina""";"""sina"""
"""ilhem""";"""ilhem"""
"""abdellah""";"""abdellah"""
"""cyrine""";"""cyrine"""
"""gael""";"""gael"""
"""valentin""";"""valentin"""
"""pierre""";"""pierre"""
